id,adds,removes
009ca88bd53010b352589dadecaa1b387f35505c2c18e2273228b54370e775a7,1sg8c000000XZHD,""
009ca88bd53010b352589dadecaa1b387f35505c2c18e2273228b54370e775a7,1sg8c000000XZTY,""
0410e8207bdf2657ffadcc3f1c098091f82d029403aaaafcc9c41f65d5c322a6,1sg8c000000XZHD,""
0410e8207bdf2657ffadcc3f1c098091f82d029403aaaafcc9c41f65d5c322a6,1sg8c000000XZTY,""
1c5e01df8ae2ab89829a2b34d6d73459c68e80e73cef84bf0fdf510541a5f9c1,1sg8c000000XZHD,""
1c5e01df8ae2ab89829a2b34d6d73459c68e80e73cef84bf0fdf510541a5f9c1,1sg8c000000XZTY,""
210ae931572803065036e7b6c5e97766a6ffbc202c42074649f067cac11e21f4,1sg8c000000XZHD,""
210ae931572803065036e7b6c5e97766a6ffbc202c42074649f067cac11e21f4,1sg8c000000XZTY,""
211581237171573dd1f62c34465171931fd27c288001e39128c71fe6f5537855,1sg8c000000XZHD,""
211581237171573dd1f62c34465171931fd27c288001e39128c71fe6f5537855,1sg8c000000XZTY,""
